{
  "templatePath" : "templates\\screens\\current/offsiteactivity_title_field_auto.png",
  "hash" : "1111111111111111001110111110000011111000111100001111111111111111",
  "width" : 85,
  "height" : 61,
  "aspectRatio" : 1.3934426229508197,
  "elementType" : "XPath",
  "capturedDate" : 1758408659151,
  "elementName" : "offsiteActivity_title_field",
  "dominantColors" : [ "#F5F7FD", "#181818", "#CCCED2" ],
  "relativePosition" : {
    "x" : 0.049074074074074076,
    "y" : 0.44166666666666665,
    "width" : 0.0787037037037037,
    "height" : 0.025416666666666667
  },
  "pixelDensity" : 0,
  "hasText" : false,
  "hasIcon" : false,
  "aliases" : [ "offsiteactivity_title_field", "offsite_activity_title_field", "offsiteactivityTitleField" ],
  "successCount" : 0,
  "failureCount" : 0,
  "lastUsed" : 1758408659151,
  "successRate" : 0.0
}