{
  "templatePath" : "templates\\AI_images\\current/offsiteactivity_title_field_ai.png",
  "hash" : "0000000000000000000000000000000011111111111111111111111111111111",
  "width" : 974,
  "height" : 275,
  "aspectRatio" : 3.541818181818182,
  "elementType" : "AI",
  "capturedDate" : 1758408661556,
  "elementName" : "offsiteActivity_title_field",
  "dominantColors" : [ "#F5F7FD", "#FFFFFF", "#E2DFFF" ],
  "relativePosition" : {
    "x" : 0.049074074074074076,
    "y" : 0.42541666666666667,
    "width" : 0.9018518518518519,
    "height" : 0.11458333333333333
  },
  "pixelDensity" : 0,
  "hasText" : false,
  "hasIcon" : false,
  "aliases" : [ "offsiteactivity_title_field", "offsite_activity_title_field", "offsiteactivityTitleField" ],
  "successCount" : 0,
  "failureCount" : 0,
  "lastUsed" : 1758408661556,
  "successRate" : 0.0
}