{
  "templatePath" : "templates\\screens\\current/performdate_calendar_today_date_auto.png",
  "hash" : "1110011110000001100000010001000100001001100000011000000111100111",
  "width" : 117,
  "height" : 108,
  "aspectRatio" : 1.0833333333333333,
  "elementType" : "XPath",
  "capturedDate" : 1758505566806,
  "elementName" : "performDate_calendar_today_date",
  "dominantColors" : [ "#6750A4", "#ECE6F0", "#FFFFFF" ],
  "relativePosition" : {
    "x" : 0.22962962962962963,
    "y" : 0.5883333333333334,
    "width" : 0.10833333333333334,
    "height" : 0.045
  },
  "pixelDensity" : 0,
  "hasText" : false,
  "hasIcon" : true,
  "aliases" : [ "performdate_calendar_today_date", "performdateCalendarTodayDate", "perform_date_calendar_today_date" ],
  "successCount" : 0,
  "failureCount" : 0,
  "lastUsed" : 1758505566806,
  "successRate" : 0.0
}